<?xml version="1.0" encoding="UTF-8"?>
<beans xmlns="http://www.springframework.org/schema/beans"
	xmlns:xsi="http://www.w3.org/2001/XMLSchema-instance"
	xsi:schemaLocation="http://www.springframework.org/schema/beans
        http://www.springframework.org/schema/beans/spring-beans.xsd">
     <bean id="dbs" class="org.apache.commons.dbcp.BasicDataSource">
          <property name="driverClassName" value="oracle.jdbc.driver.OracleDriver"/>
          <property name="url" value="jdbc:oracle:thin:@localhost:1521:pravendra"/>
          <property name="username" value="SPRING"/>
          <property name="password" value="spring"/>
          <property name="initialSize" value="10"/>
      <!--     <property name="maxSize" value="20"/> -->
     </bean>
    <bean id="temp" class="org.springframework.jdbc.core.JdbcTemplate">
       <property name="dataSource" ref="dbs"/>
       </bean>
    <bean id="Empdao" class="com.nt.dao.DBOperationImpl">
            <property name="jt" ref="temp"/>
    </bean>
    <bean id="service" class="com.nt.service.DBOperatioServiceImpl">
         <property name="dao" ref="Empdao"/>
    </bean>
     
</beans>